docs_count,threads,seq_prep_ms,par_prep_ms,seq_tfidf_ms,par_tfidf_ms,seq_sim_ms,par_sim_ms,seq_total_ms,par_total_ms,speedup,efficiency
100,1,1.7633,1.6883,1.9704,1.9917,1.7656,2.0083,5.4993,5.6883,0.8792,0.8792
100,2,1.5435,1.1307,2.2190,1.2836,1.7775,1.2663,5.5400,3.6806,1.4037,0.7018
100,4,1.4001,0.9792,1.8758,1.1899,1.7373,0.8241,5.0132,2.9932,2.1082,0.5270
100,8,1.5296,0.7637,1.9636,1.1423,1.7639,0.6054,5.2571,2.5114,2.9137,0.3642
100,10,1.4099,0.7890,2.0166,1.1958,1.7659,0.6089,5.1924,2.5937,2.9001,0.2900
250,1,3.7335,3.9168,4.5960,4.5000,10.6307,12.2205,18.9603,20.6372,0.8699,0.8699
250,2,3.5060,2.2625,4.4695,2.4714,10.7614,6.7839,18.7369,11.5178,1.5863,0.7932
250,4,3.4367,1.4374,4.5899,1.9718,10.6607,4.2787,18.6872,7.6880,2.4915,0.6229
250,8,3.5059,1.2857,4.6830,1.6920,10.7057,2.9600,18.8945,5.9378,3.6168,0.4521
250,10,3.4882,1.3057,4.7228,1.8033,10.7130,2.7548,18.9240,5.8638,3.8889,0.3889
500,1,7.0466,7.4330,8.7428,8.8150,42.1201,48.8215,57.9096,65.0696,0.8627,0.8627
500,2,7.4910,4.1377,8.5825,4.9774,41.9317,26.5371,58.0051,35.6522,1.5801,0.7901
500,4,6.9943,2.4323,8.7367,3.3283,42.1797,16.1501,57.9107,21.9108,2.6117,0.6529
500,8,6.9348,2.2137,8.8420,2.4846,42.2065,10.6297,57.9833,15.3280,3.9706,0.4963
500,10,7.0245,2.1460,9.0846,2.4536,42.0123,9.6205,58.1214,14.2201,4.3670,0.4367
1000,1,14.1532,14.5905,16.9657,17.3771,168.3753,194.6484,199.4943,226.6161,0.8650,0.8650
1000,2,15.0237,8.2843,16.9448,9.8151,169.7312,112.0913,201.6998,130.1906,1.5142,0.7571
1000,4,15.5026,4.5553,18.2585,5.5678,176.1955,63.7047,209.9567,73.8278,2.7658,0.6915
1000,8,14.5088,3.7316,17.9772,4.5089,170.1869,43.1834,202.6728,51.4239,3.9410,0.4926
1000,10,14.3685,3.5722,17.4103,4.1437,196.6923,39.1068,228.4711,46.8228,5.0296,0.5030
2000,1,30.5207,29.9335,34.4817,36.1680,698.6330,792.4284,763.6354,858.5300,0.8816,0.8816
2000,2,29.9627,15.8214,34.8094,19.0427,674.6352,434.5941,739.4072,469.4582,1.5523,0.7762
2000,4,30.5943,8.9786,34.8710,10.4746,679.6343,250.8471,745.0997,270.3003,2.7094,0.6773
2000,8,30.7889,7.1318,35.1743,8.0030,709.1310,166.0980,775.0942,181.2328,4.2694,0.5337
2000,10,30.0156,7.1620,36.1636,7.8747,719.9288,163.3614,786.1080,178.3981,4.4070,0.4407
500,8,2.2261,1.1365,3.9540,1.4638,27.7291,6.3695,33.9093,8.9697,4.3535,0.5442
500,8,5.7865,1.7884,7.7594,2.2302,43.8638,10.1609,57.4097,14.1794,4.3169,0.5396
500,8,11.5888,2.8872,12.1110,3.2395,38.6654,11.2808,62.3652,17.4075,3.4275,0.4284
500,8,22.3487,4.9085,18.1069,4.3298,26.0285,10.6015,66.4841,19.8398,2.4552,0.3069
